test_y,predicted_values
19145.33,19122.42
18516.08,18471.807
17654.0,18153.035
18368.469,18149.33
18957.262,18999.74
19546.057,18786.562
20134.85,18910.256
19229.85,19210.29
18616.398,18535.736
18071.45,18155.031
17876.818,17917.166
18142.5,18146.492
17669.52,18237.715
17837.41,17715.877
18005.299,18285.201
19693.28,18706.025
20858.1,19852.797
20149.719,20760.633
20278.75,20384.309
20394.57,20326.883
20616.67,20209.332
20735.379,20379.125
20494.979,20519.342
19902.049,19914.537
19301.85,18956.477
18726.92,18399.027
18032.25,18199.133
18226.42,18329.594
19572.148,18789.205
20917.879,19338.943
20459.03,20188.375
19697.95,19785.814
18931.049,19070.727
17710.719,18433.99
17866.18,17490.941
18497.78,17783.316
19071.83,18405.895
18291.773,19208.371
17511.719,19092.85
18857.2,18546.49
20029.979,19274.58
19255.219,19884.49
19596.17,19385.957
19983.379,19438.338
19528.719,19811.42
19743.35,19648.832
19324.2,19665.86
19058.53,18939.744
18092.67,18170.223
17662.08,17485.404
17345.469,17336.27
17107.35,17656.854
19826.95,17716.96
19630.67,19361.049
19162.719,19235.201
18683.52,18653.965
18201.28,18013.557
18097.799,17452.11
17966.049,17600.555
18745.365,17633.795
19524.682,18657.535
20303.998,19378.002
21083.312,20572.863
21862.629,21905.078
21037.799,22721.88
20212.969,21699.885
20877.92,20653.473
20652.049,20811.719
20820.78,20531.674
21024.25,20507.9
21058.02,20545.598
20741.5,20428.494
20413.95,19749.197
19847.33,19299.51
19029.92,18971.398
18386.129,18905.457
17844.379,18858.547
17040.379,17731.125
16450.549,16509.355
15999.27,15835.656
15050.629,15542.045
15359.686,14932.435
15668.742,15200.476
15977.799,15852.287
16045.499,16273.987
16359.249,16321.2
17182.719,16849.275
18339.92,17897.375
19767.42,18814.857
20743.328,19909.691
21091.95,20907.375
21477.95,21115.77
21573.82,21553.014
21559.078,21688.883
21507.549,21574.576
21215.28,21045.55
20942.5,20299.139
19726.469,19981.473
19603.148,19127.973
18735.549,19180.643
18191.898,18700.45
17434.129,17841.049
17007.398,16694.268
16594.7,16204.33
16835.416,15941.601
17076.13,16480.297
17316.848,17147.764
17557.562,17916.4
17798.28,18107.588
18442.469,18169.861
20004.77,19112.912
20921.25,20825.613
21064.129,21683.91
19702.5,21430.078
20327.049,19951.86
19613.0,19977.242
19039.03,19498.234
20745.85,19080.959
20596.33,20504.104
19968.78,20248.258
19525.85,19299.826
19166.7,18630.092
19450.2,18707.969
19448.25,19315.787
20033.139,19710.834
20618.03,19932.732
19863.45,20037.318
19506.57,19298.709
19036.43,18931.258
18734.25,18500.82
18710.42,18333.373
19114.799,18540.357
19328.879,18915.752
19250.014,19303.447
19171.148,19488.418
20532.0,19375.88
22280.35,20547.223
21364.67,21976.988
21721.398,21527.45
22004.0,21335.467
22447.219,21911.697
22328.398,22678.77
21823.828,22253.697
21248.799,21422.707
20417.08,20632.02
19935.28,19961.553
18044.95,19753.71
18504.93,18399.027
22006.379,18844.791
21101.33,21247.889
19900.1,20724.91
19720.148,19595.592
18955.92,19148.996
18679.379,18797.875
18529.0,18553.66
18834.898,18318.133
19709.67,19016.154
19056.184,19869.793
18402.7,19853.648
19793.479,19443.195
21037.148,20086.154
20425.68,20907.049
20512.299,20664.186
20980.35,20281.508
21115.75,20773.578
21262.7,20946.89
21082.17,20606.996
20810.469,20396.422
19987.578,20096.174
19415.969,19412.756
18609.379,19129.822
18961.1,19178.408
19503.266,19793.07
20045.434,19628.053
20587.6,19498.861
19793.78,19754.336
19130.898,19225.96
18867.17,18660.184
18803.879,18429.28
19401.0,18639.627
20264.578,19155.682
20096.162,19849.395
19927.746,20535.307
19759.33,20640.838
19885.215,20044.512
20011.1,19566.662
20682.549,19785.295
20944.25,20534.184
21279.42,20981.975
21411.6,21341.654
21216.398,21189.383
20706.648,20638.826
20106.299,19703.824
19393.02,19097.865
18470.568,18889.746
19277.549,18884.824
20024.79,19874.844
20772.03,20151.66
20317.2,20455.822
19454.469,19882.438
19229.148,18984.48
18887.979,18780.42
19003.7,18584.404
19221.2,18990.957
18814.648,19241.213
19002.916,18822.998
19191.184,19102.172
19379.45,19356.264
20824.1,19449.904
20157.479,20271.016
20109.75,20076.895
20317.53,19889.807
20364.75,19995.51
20196.18,20206.523
19908.75,19918.957
19483.83,19177.807
18784.03,18470.068
17956.25,17758.857
17180.45,17289.65
17233.148,17131.438
20310.969,17312.965
19528.219,19608.09
18995.898,19200.791
18736.78,18491.74
18378.68,18001.904
17896.549,17739.773
17530.1,17579.21
16815.58,17259.242
16895.0,17037.879
16980.693,17078.697
17066.387,17189.762
17152.08,17613.719
18008.129,17909.344
19004.469,18192.916
19815.92,19337.996
20176.45,20066.72
20419.129,20287.031
20225.102,20382.71
20031.076,19870.324
19837.049,19283.273
18696.18,18819.154
18231.33,17612.95
17472.6,17458.646
16841.35,17455.639
16455.129,17228.361
15751.72,15907.689
15230.149,15050.407
14241.6,14629.482
13923.419,13806.801
13807.35,13407.7
13556.379,13555.752
14126.85,13650.598
14484.579,14249.47
15109.199,14830.521
15735.749,15613.536
17664.85,16456.18
18468.568,18318.135
19874.969,18902.883
20064.799,19748.545
20466.23,19828.166
20393.07,20208.207
20234.898,20334.646
19898.35,19844.223
19304.299,19261.05
18541.95,18358.795
17425.879,17768.46
16634.75,16801.514
15391.549,16284.092
15123.569,15470.424
14556.6,14762.52
14289.25,14097.46
13910.629,13982.378
14012.31,13936.395
14113.989,14281.126
14215.669,14587.401
14317.35,15004.693
15189.92,15170.883
15781.7295,15859.552
17135.549,16553.568
18565.648,17886.713
19181.379,19106.725
18859.469,19421.104
18971.53,18770.297
18953.75,18549.576
18967.148,18706.834
18914.398,18758.885
18962.75,18694.803
18353.398,18350.246
17652.1,17523.492
16946.729,16687.543
16426.314,16221.213
15905.899,16262.866
18295.28,16025.381
17884.148,17449.346
17242.549,17287.494
17065.25,16729.234
16510.969,16625.496
16194.449,16162.44
16038.799,15966.787
16697.67,16115.969
17018.0,16813.082
16584.914,17175.45
16151.829,17036.43
17632.03,16890.85
17655.889,17958.217
17679.75,17830.05
17791.898,17645.021
18009.08,17721.686
18001.68,17966.287
17856.28,18037.023
17562.799,17826.887
17055.129,17205.943
16399.7,16351.738
15878.529,15846.616
16072.9795,15650.772
16267.43,16301.525
18729.2,16806.256
18166.5,18232.275
17483.648,17936.123
16993.818,17013.316
16760.719,16505.123
16180.199,16266.201
16257.399,15866.275
16712.229,16192.094
15544.829,16677.564
15810.249,15834.354
16075.669,15995.107
18102.35,16487.678
19233.299,18346.34
18454.049,19533.87
18844.83,18895.703
19212.398,18980.064
19149.148,19031.531
19296.129,18990.375
19042.92,18828.115
18639.33,18285.436
17930.219,17933.953
17376.398,17376.605
17101.33,17266.227
16889.879,17618.545
19110.129,17849.158
18562.2,19089.102
17863.03,18526.951
17275.719,17696.102
17204.219,17056.59
16832.5,17034.441
16984.33,16805.877
17361.7,17014.65
17365.03,17347.184
17603.229,17602.584
17841.43,18179.375
18079.629,18587.256
18629.59,18419.244
19179.549,18687.732
18945.42,19214.97
18777.5,19009.42
19036.469,18855.324
19210.6,19012.178
19077.25,19154.457
18342.469,18709.973
18105.648,17697.87
17880.969,17580.266
17186.6,17793.238
17663.85,17935.371
18344.674,18822.7
19025.5,18482.943
18586.7,18730.676
18001.549,18329.785
17500.299,17741.273
16739.6,17286.701
17199.6,16591.498
17848.549,17158.82
18523.398,17768.75
18351.6,18461.742
18179.799,18789.814
18008.0,18921.969
19219.6,18720.594
19247.879,19196.143
19827.52,19162.83
20040.0,19534.441
20207.68,19852.328
20048.92,20100.217
19811.7,19937.535
19312.45,19102.129
18594.7,18358.15
17902.92,17979.562
18673.996,17510.373
19445.072,18503.924
20216.148,19626.148
19689.95,19868.807
19205.25,19086.168
18746.32,18465.182
18479.85,17966.932
18421.129,17697.75
18361.398,18002.371
18779.28,18318.299
19066.25,18874.564
19009.969,19250.275
18472.44,19606.328
17934.91,19534.047
17397.379,18977.812
18016.03,18168.242
18322.17,18493.555
18393.648,18676.611
18721.049,18830.535
18663.629,18990.639
18452.398,18705.271
20057.049,18055.938
21557.549,18828.494
21313.35,20534.854
21069.148,21158.027
20824.95,21244.846
20580.75,21090.195
19661.2,19753.273
18963.25,18401.365
18387.78,17936.105
17683.67,17708.643
17687.062,17272.904
17690.455,17305.662
17693.848,17524.691
17697.24,17574.627
17700.633,17640.188
17704.027,17920.107
17707.42,18356.44
18684.219,18641.92
19424.33,19525.637
20394.479,19993.504
20209.6,20603.814
20413.67,20726.08
20436.299,20606.484
20096.129,20338.84
19961.648,19846.383
19475.5,19323.338
18433.2,18799.924
17539.53,18041.486
16824.95,17362.502
16511.85,16671.389
15775.049,15721.842
15793.899,14841.436
15404.449,15000.12
15603.504,14829.697
15802.56,15324.824
16001.614,15799.321
16200.669,16314.077
17304.5,16528.305
17414.45,17337.633
17747.58,17815.14
18667.7,18144.51
18834.865,19099.871
19002.03,19064.504
18880.629,18911.996
19136.92,18580.904
19211.398,19009.016
19142.969,19021.213
18842.6,18741.281
18455.898,18324.393
17767.469,17733.129
17141.53,17073.041
16478.049,16736.23
16569.5,16481.268
19039.1,16542.664
18611.33,18168.904
18187.83,18027.172
17696.648,17654.156
17393.898,17222.502
17078.17,17086.441
17021.719,17001.91
17645.1,16958.828
17738.719,17591.531
17311.549,17771.799
16884.379,17417.889
18488.799,17071.303
19103.879,18214.264
18471.398,18915.744
18878.129,18302.125
19074.03,18379.752
19007.629,18687.594
19017.52,18658.766
19011.549,18490.166
18480.719,18393.125
17782.42,17847.04
17118.03,17051.207
17145.314,16761.078
17172.6,17120.89
19366.799,17248.031
19000.219,18353.8
18346.08,18219.842
18116.879,17579.146
17626.28,17469.8
17262.648,17120.463
17100.35,16832.6
17530.67,16841.172
18302.95,17202.07
17929.25,17882.59
17555.549,17844.59
18819.299,17751.352
19721.75,18652.4
18920.95,19426.72
19510.35,18940.416
19843.42,19162.523
19705.629,19564.703
19467.18,19399.21
19174.799,18849.805
18494.17,18356.592
17749.299,17648.627
17150.898,17008.855
16159.1,16841.113
17203.01,16562.176
18246.92,17441.605
18102.5,17879.598
17516.6,17604.385
16981.799,17116.252
16480.898,16658.316
16359.199,16333.054
16593.729,16140.835
16726.75,16712.09
17211.78,16942.475
16562.414,17140.865
15913.049,16851.88
17378.58,16405.467
18376.95,17431.436
18069.299,18181.777
18265.92,18180.275
17804.75,18184.81
17860.92,17718.66
17827.25,17619.082
17432.898,17302.605
16921.469,16847.113
16210.1,16241.585
15566.169,15881.953
14792.169,15795.883
15123.379,15661.192
17489.379,15815.864
16978.08,17165.121
16287.02,16913.633
15481.949,16109.435
16083.079,15284.875
15560.72,15763.882
15051.6,15657.644
15806.469,15280.621
16971.78,15974.598
16070.829,16863.047
15169.879,16382.6045
16473.0,15763.412
17468.0,16782.045
17681.95,17607.4
17144.07,17909.346
17367.898,17455.652
17364.0,17554.5
17512.28,17507.514
17518.879,17394.486
16649.5,17079.033
15826.319,16279.516
15280.749,15620.106
14707.92,15271.787
14981.699,15302.712
17912.08,15678.346
17758.049,17281.125
17254.53,17587.533
16373.399,17137.742
15974.1,16143.634
15759.529,15563.439
15769.52,15540.931
14787.629,15935.913
14735.6,15068.015
14264.97,14429.344
14320.149,14326.729
15104.649,14979.059
15266.42,15812.394
16308.35,15786.099
17033.799,16667.254
17597.729,17324.03
17445.537,17924.658
17293.344,17882.154
17141.15,17548.047
16988.957,17039.984
16836.766,16690.857
16684.572,16596.855
16532.379,16593.682
15961.049,17014.516
14903.699,16937.824
14224.379,15056.081
13788.529,13861.873
12995.799,13357.178
12461.279,12835.02
12797.92,12489.25
12892.399,12910.943
12471.329,13495.694
12781.549,13192.05
13665.379,13105.898
14293.719,14270.578
15418.779,15637.726
17616.898,16874.031
18177.5,18560.766
18733.92,19022.861
19344.629,19254.297
20297.95,19640.373
20007.074,20443.158
19716.2,20135.88
19425.324,19450.695
19134.45,18945.377
18267.2,18484.951
17713.45,17887.758
16932.08,17721.652
15714.1,17311.287
15215.079,15537.562
14879.549,14658.605
14438.22,14499.463
14128.829,14494.43
13788.35,14434.035
13900.35,14355.732
14595.549,14769.773
16043.27,15301.211
16181.529,16437.979
17346.148,17156.234
19167.35,18724.342
20501.98,20401.375
19798.648,21121.84
20293.1,20486.445
20679.629,20503.824
20830.979,20901.623
20791.28,20784.28
20488.879,20593.28
20127.969,19954.799
19446.08,19390.252
19005.219,18752.701
18269.299,18555.186
18109.03,18122.018
20592.049,18085.48
20178.78,19695.625
19636.45,19455.61
18619.219,18996.45
17998.318,18245.531
17594.53,17709.312
17673.35,17720.172
18628.67,17813.926
19666.049,18741.453
18933.324,19631.488
18200.6,19564.816
19347.379,19025.13
20425.35,19737.574
20693.979,20392.018
20623.904,20631.09
20553.828,20623.61
20596.78,20597.748
20585.879,20409.465
20320.78,20038.518
19439.969,19643.984
18806.53,18857.1
17986.1,18319.266
16846.648,17777.918
17404.45,17110.676
19677.35,17545.213
18925.95,18697.322
17910.85,18137.459
17203.78,17172.166
16837.879,16675.2
16542.818,16411.975
16528.879,16362.999
16923.799,16567.39
16717.5,17042.451
16676.564,16654.523
16635.629,16855.691
18944.08,17375.613
19154.33,19380.656
19193.629,19701.31
19677.68,19549.545
19838.049,19655.377
19878.242,19685.6
19918.436,19391.568
19958.629,19187.225
19270.6,18993.795
18650.469,18418.018
17888.719,17908.117
17136.129,17539.717
16652.469,17580.527
19614.07,17397.19
19160.469,18864.508
18701.33,18578.908
17664.299,18019.285
17118.85,17353.729
16543.379,16926.252
16960.299,16557.531
17377.219,16839.05
17791.969,17106.45
17105.674,17541.018
16419.379,17506.963
18929.219,17342.314
19242.219,18913.914
18255.75,19055.354
19181.1,18189.059
19571.78,18736.93
19987.469,19286.031
20201.0,19715.623
20045.78,19848.477
19430.629,19291.031
18590.92,18494.459
17177.35,17668.809
17474.064,16868.324
17770.78,17662.232
20224.648,18543.945
19212.6,19733.383
18500.28,18926.713
18023.08,17803.936
18160.129,17481.02
16924.53,17460.963
16758.648,16667.934
17186.7,16614.234
16934.85,16862.127
16748.75,16567.486
16562.648,16878.254
17606.979,17390.445
18961.1,17816.418
18859.1,18625.45
19173.629,18727.002
19616.58,18919.77
19753.07,19144.607
19650.879,19402.93
19420.67,19416.518
18979.28,18533.334
18002.629,17956.89
16196.149,17341.748
17262.264,16236.019
18328.379,17371.469
20125.299,18613.918
18710.219,19431.352
18145.28,18106.07
17724.049,17157.727
17399.45,16636.428
17002.75,16305.298
16733.77,16251.477
16809.879,16462.396
15700.529,16710.613
16261.209,15754.392
16821.889,16260.188
17382.568,17553.848
17943.25,18047.63
18586.0,18115.768
18942.469,18602.594
19327.129,19030.709
19639.2,19369.703
19866.629,19421.27
19874.6,19420.662
20090.95,18809.664
18508.629,18704.508
17808.2,17489.926
17218.879,17139.068
16253.85,17035.496
15436.049,16349.012
14644.42,14643.419
14121.899,13791.952
13574.449,13560.804
13276.43,12986.116
12952.399,12998.357
12825.6,12929.799
13086.449,12959.375
13506.92,13102.539
13579.55,13755.773
14069.169,14416.828
15819.879,15255.211
17577.45,16731.25
18306.219,18137.777
18794.379,18619.377
19154.92,18848.195
19396.049,19283.738
19332.85,19436.36
19831.53,19133.027
19379.42,18898.004
18656.0,18111.32
17991.7,17564.152
17075.219,17223.043
16399.75,16763.275
15751.02,16264.497
15259.779,14898.3125
14949.569,14398.726
14352.199,14316.504
14011.43,14014.731
14169.26,13913.049
14327.09,14381.517
14484.92,15004.928
14642.749,14875.906
15069.719,14799.682
15561.3,15599.973
17187.398,16529.635
17988.629,17949.133
18333.719,18207.059
18826.1,18149.033
18981.53,18498.332
18779.92,18993.908
18483.969,18767.463
18341.07,18366.363
17742.799,17810.535
17126.78,16832.133
16981.799,16378.066
16327.68,16597.709
16030.529,16276.272
18627.379,16117.879
17993.35,17458.406
17534.78,17104.365
17514.898,16820.975
17054.7,16716.598
16907.93,16539.797
16277.499,16695.492
16646.148,16265.828
16144.879,16240.861
16178.739,15989.082
16212.6,16304.219
18047.219,16913.266
17799.129,18241.18
17972.799,17951.83
18238.93,17677.125
18131.78,17766.666
17696.78,17941.533
17612.979,17578.53
17268.0,17243.787
16722.068,16544.088
16147.7295,15731.4795
15280.67,15327.356
15115.549,15171.387
14950.43,15214.862
17281.0,15256.622
17379.549,16385.035
16740.67,16513.064
16428.35,16159.967
16214.199,15733.779
15492.379,15555.968
15358.999,15086.992
15792.529,15236.932
15945.77,15498.895
15531.534,15900.455
15117.299,15946.341
16461.25,15849.327
17439.42,16827.512
17263.68,17432.955
17261.5,17333.2
17241.1,17101.5
17341.648,17157.857
17336.03,17157.105
17113.25,17043.947
16607.45,16275.735
16147.22,15448.668
15634.379,15346.462
15847.2295,15511.279
16060.079,16224.402
16788.273,16775.854
17516.469,16694.844
16825.17,17002.088
15965.199,16580.277
15931.749,15746.215
15737.549,15560.786
15100.399,15463.947
15540.579,15198.529
15907.7295,15248.283
15032.069,15833.883
15612.81,15536.516
16193.549,16179.992
17269.549,16626.795
17636.049,17292.146
17641.674,17625.082
17647.299,17625.78
17530.719,17748.25
17439.67,17479.074
17299.398,17286.293
16473.7,16623.617
15463.329,15574.88
14933.499,14985.6
14510.2295,14772.81
15698.799,14793.406
16372.174,16099.693
17045.549,16440.594
15302.899,16706.742
15616.129,15339.896
15680.549,15049.797
15237.899,15189.049
14373.05,14938.774
14405.529,14365.091
14413.6,14157.564
14421.67,14487.359
15083.22,14917.26
16042.549,15809.54
16518.25,16645.025
16766.969,16821.758
17188.27,16631.762
17473.53,16890.354
17558.648,17322.832
17303.5,17522.566
17028.629,17134.91
16439.729,16247.205
15768.779,15537.475
14676.47,15311.112
14053.4795,14530.781
14530.879,14250.952
17314.18,14807.75
16659.83,16738.436
16242.699,16288.742
15758.649,15833.399
15314.68,15180.879
14889.47,14728.342
14789.0,14400.97
14123.33,14540.324
14084.7295,14313.011
14116.27,14136.82
14147.81,14750.723
14179.35,15164.534
15419.7295,15269.834
16487.85,16041.781
16921.379,16881.715
17738.148,17196.1
17405.1,17782.262
17552.67,17637.26
17470.148,17353.775
17009.469,16808.379
16234.399,16007.012
15310.829,15343.394
14606.9795,14688.178
13293.299,14589.721
13180.299,13527.379
12621.27,12545.148
12054.569,11891.4
11733.149,11571.771
11220.319,11472.475
11014.129,11072.216
11118.079,10978.973
12099.049,11185.721
12041.149,12324.79
11986.049,12554.045
12404.799,12873.762
13090.35,13574.882
13917.42,14367.303
15309.149,14990.613
15530.2295,15826.663
15531.399,16032.76
15586.43,15959.791
15569.27,15904.677
15334.879,15550.554
14869.3,14907.784
14439.77,14232.551
13657.35,13829.046
13323.35,13258.481
13203.33,13209.917
12591.249,13335.086
11369.77,12364.044
11333.449,11073.986
11881.879,11207.057
11603.999,11749.08
11152.629,11771.377
11555.515,11430.337
11958.399,12173.689
12601.5,12506.778
13373.7295,13174.117
14291.85,14267.132
14122.799,15468.343
15057.9795,15540.219
15411.649,15847.356
15859.399,15823.807
16039.549,15912.945
16200.699,16128.604
16165.27,16347.708
16048.35,16186.44
15477.379,15570.825
14867.27,14929.744
14338.079,14392.09
13888.449,14214.281
14101.279,14045.826
15705.6,14299.194
15220.049,15280.535
14719.75,14957.596
14216.2295,14544.16
13843.17,13880.119
13581.85,13509.476
13507.215,13501.726
13432.579,13588.4375
14507.399,13478.148
14557.149,14408.609
14606.899,14962.671
14656.649,15366.104
15320.879,15480.21
15790.299,15803.548
16013.1,15886.115
15977.444,16024.288
15941.789,16095.727
15906.135,16000.338
15870.4795,15665.367
15365.629,15296.042
14961.949,14697.566
14568.419,14462.571
14043.719,14396.883
13847.7295,14338.375
15340.75,14187.4
15035.829,14758.587
14593.149,14582.177
14112.449,14186.623
13714.649,13648.6875
13666.049,13276.162
13760.2295,13392.136
13997.7295,13684.563
13968.52,13939.637
13826.459,13944.113
13684.399,13913.865
15011.799,13907.116
15588.499,15260.657
16014.499,15861.037
16297.279,16107.954
16456.898,16333.373
16404.0,16383.942
16351.1,16313.243
16298.199,15828.115
15883.579,15525.505
15187.499,15089.0625
14557.949,14699.149
14063.799,14401.007
14214.52,14384.69
16199.3,14646.98
15587.249,15823.562
15127.579,15405.389
14364.879,14938.592
13918.52,14071.586
13601.049,13635.209
13749.35,13451.629
13307.27,13687.191
13368.75,13510.768
13541.409,13497.711
13714.069,13852.774
14791.799,14023.398
15416.899,14918.758
15835.629,15666.523
16195.1,16036.942
16544.2,16267.519
16339.204,16594.059
16134.209,16472.754
15929.215,16072.943
15724.22,15526.156
15039.0,15122.104
14413.33,14541.895
13829.449,14276.804
13865.52,14302.406
15959.779,14330.018
15801.85,15370.607
15310.27,15395.6045
15033.6,14799.679
14474.3,14361.973
14138.699,14011.758
14092.529,13826.0205
13868.75,13957.57
13823.85,14032.367
13610.18,13981.975
13949.875,14059.039
14289.569,14710.809
14776.799,15130.913
15372.899,15404.979
15962.449,15558.965
15872.636,15784.313
15782.821,15736.818
15693.008,15823.423
15603.193,15627.716
15513.379,14946.773
14843.999,14639.237
14152.699,14252.736
13761.999,13892.012
13943.1,14022.79
15919.4795,14360.355
15514.199,15287.974
14885.029,14915.009
14593.029,14240.755
14220.9795,13737.742
13866.879,13563.176
13941.1,13349.273
13691.899,13542.76
12872.579,13607.07
13149.51,13053.812
13426.439,13304.795
13703.369,13943.747
13980.3,14609.868
15172.749,14884.154
16703.318,15615.022
16531.28,16673.943
16848.129,16613.04
16955.6,16857.04
16195.199,16822.281
16075.9795,15729.434
15878.699,15144.258
15286.35,14787.614
14576.629,14663.824
13984.129,14560.959
13593.149,14195.006
12566.6,13076.699
12096.0,11917.527
11733.219,11385.375
11543.949,11120.229
11372.279,11281.213
11382.279,11239.396
11456.569,11382.846
11654.83,11633.49
12030.17,11936.626
12858.5,12581.02
13477.02,13521.901
14556.749,14436.601
15390.199,15525.231
15926.169,16041.709
17248.78,16032.141
17340.85,17090.332
17458.299,17316.193
17364.068,17199.71
17138.03,16575.049
16084.52,16141.307
15997.379,15249.631
15542.549,14955.651
15018.85,15098.858
15064.909,14879.847
15110.97,14248.234
15157.029,14157.128
16696.398,14335.411
16550.629,15593.76
16268.549,16017.012
16131.829,16004.837
16678.75,16121.806
17295.95,16582.975
17764.08,17163.832
18350.03,17934.6
19232.549,18731.842
19774.129,19713.13
20512.25,20140.195
20893.68,20583.521
20979.379,20686.184
21153.549,20752.477
21261.379,20782.244
21276.879,20666.814
20847.7,20325.965
20378.299,19818.14
19968.648,19525.686
20505.92,19359.365
20424.7,19946.846
20696.883,20195.084
20969.066,20040.31
21241.25,20092.408
20603.719,20344.78
20074.28,19886.889
19755.95,19639.396
19755.07,19508.707
19893.469,19752.564
19241.35,19820.75
19306.043,19488.562
19370.736,19733.219
19435.43,19889.492
20151.219,20012.51
20133.148,20604.525
20625.58,20542.324
20860.969,20865.717
20992.148,20960.582
20985.28,20941.438
21188.18,20714.06
21391.078,20442.023
20383.898,20537.607
19393.7,19954.305
18658.6,19192.969
18964.7,18523.28
20269.0,18748.78
21573.299,19380.693
21121.35,20379.078
20654.219,20317.934
20071.879,19874.46
19330.5,19526.69
19461.0,19000.861
19267.78,19062.703
19030.898,18895.373
19066.24,18878.703
19101.58,18987.498
19136.92,19117.586
19964.379,19324.729
20380.648,19870.463
20497.0,20266.852
20705.78,20334.918
20671.5,20585.877
20637.219,20429.36
20288.1,20303.863
19913.53,19780.367
19099.03,19070.031
18364.0,18539.717
18142.45,18059.43
17920.898,18271.309
20248.879,18441.168
19951.729,19713.314
18888.75,19597.887
18147.0,18717.145
17772.648,17705.082
17732.049,17429.584
17744.77,17527.781
18077.58,17342.84
18637.45,17743.49
18697.299,18309.408
18757.148,18599.088
18817.0,18765.016
19895.969,18890.916
18936.77,19691.717
19165.1,18936.342
19353.219,18939.254
19208.78,19266.938
19106.898,19234.082
19011.129,19025.273
18530.83,18448.754
17960.45,17852.17
17417.58,17273.3
16914.148,17161.053
17589.148,17107.184
18509.625,17907.082
19430.1,18058.818
18636.879,18611.617
18330.129,18112.531
18159.03,17663.182
18009.629,17582.473
17810.049,17535.88
18185.049,17334.893
18110.629,17605.182
17998.264,17710.9
17885.898,17811.418
17773.535,17815.814
17661.17,17845.36
17737.879,17562.588
17764.5,17464.334
17880.629,17435.068
17876.068,17742.963
17810.879,17844.938
17732.0,17571.158
17487.35,16976.066
17230.93,16419.531
16842.03,16387.56
16561.219,16313.953
17032.35,16415.428
17310.139,16900.193
17587.93,16710.855
17865.719,16521.793
17832.6,16738.684
17595.469,16788.496
17262.148,16654.46
17491.0,16460.541
17772.95,16921.703
18175.67,17506.22
17957.586,17904.658
17739.502,17780.617
17521.42,17861.936
18717.67,17824.795
19118.33,18668.791
19512.33,19234.29
20100.799,19578.445
20268.148,20010.049
20278.23,20277.438
20077.93,20189.908
19653.33,19574.15
19199.33,18622.639
18469.1,18173.516
18121.75,17795.297
17430.5,17798.896
16881.42,17361.166
16163.669,16607.383
16102.629,15712.197
15664.569,15508.002
15521.379,15242.384
15393.469,15138.555
15413.299,15277.454
15492.8,15492.544
15680.549,15642.41
15995.669,15709.453
16501.219,16136.559
17628.67,16906.621
18705.67,18161.504
19130.1,19059.607
19525.43,19398.49
19901.43,19616.238
20175.77,19791.209
20364.85,19911.156
20298.52,19835.615
19715.5,19537.7
16163.249,18789.074
12012.949,15620.3545
13299.75,11773.481
13941.699,12369.58
13606.949,13765.22
13185.9795,13897.646
12395.42,13269.682
10059.1,12532.225
10231.648,10645.291
10111.75,10447.873
10105.489,10710.868
10979.02,10986.275
11706.97,11781.295
11801.0,12580.007
12420.749,12645.693
13825.6,12831.357
14745.129,14054.928
14580.75,14897.58
14552.899,14884.706
14742.829,14917.248
14758.999,15156.529
14704.5,15137.706
14349.649,14798.037
13804.129,14278.228
13082.75,13403.059
12614.25,12801.933
13316.792,12816.547
14019.334,13347.44
14721.877,13967.211
15424.419,14584.626
15057.499,14928.786
14736.449,14456.635
13699.399,14011.271
13762.779,13278.018
14343.02,13481.312
15042.299,14225.545
14757.4795,14954.52
14482.319,14677.488
14207.159,14192.969
13932.0,14165.74
15185.379,13825.691
14911.77,14726.135
14687.779,14543.799
15138.549,14412.295
15315.35,14811.33
15105.579,15013.757
14708.799,14705.113
14438.83,14007.767
14123.879,13406.343
13378.649,13124.383
13256.314,12936.461
13133.9795,13028.671
14503.114,12995.969
15872.249,13994.461
15191.249,14830.401
14882.799,14091.649
14863.749,13534.905
14166.819,13747.793
14409.92,13493.067
15772.799,13674.427
15522.049,14809.183
15018.456,14933.75
14514.862,14596.904
14011.27,14235.013
14923.4795,13785.545
15367.52,14206.089
14863.67,14766.75
15227.949,14526.291
15344.049,14681.581
15235.529,14562.223
14873.779,14321.315
14401.579,13889.233
13948.399,13077.443
13551.199,13043.342
12942.719,13515.484
13411.105,13445.507
13879.491,13885.881
14347.877,14105.715
14816.264,14097.277
15284.649,14216.0
14131.649,14546.586
13878.4795,13900.334
13911.199,13579.626
14946.899,13715.75
13469.2295,14519.624
13676.286,13198.264
13883.343,13098.36
14090.399,13614.324
14339.899,13919.103
14343.819,13912.912
14636.75,13919.352
14842.529,14282.832
14803.069,14344.858
14563.899,14123.775
15139.699,13703.969
14892.999,14070.941
14226.9795,13739.295
14156.249,13402.315
14100.449,13998.11
14420.17,14233.634
15884.779,14524.285
15974.379,15685.207
16268.899,15547.792
19868.27,15473.933
21177.049,18002.982
21552.898,19490.725
21684.45,20351.078
21383.5,20630.64
21543.5,20283.537
20399.53,20391.32
20328.129,19764.55
20882.28,20161.484
21981.898,20630.686
21133.5,21179.33
21324.078,20918.188
21541.7,20812.5
21455.969,20743.709
21431.719,20495.512
20940.17,20584.05
20351.7,20234.04
20133.592,19360.639
19915.486,19010.889
19697.379,19281.701
20215.95,19693.668
20673.25,20331.676
21130.549,20827.639
21587.85,21115.535
21146.42,21488.814
20801.719,21085.014
20442.95,20657.965
20577.67,20318.799
21481.25,20566.486
19811.129,21196.918
19905.94,20091.412
20000.75,20408.625
19923.314,20754.307
19845.879,20843.76
20548.398,20486.889
21131.83,20790.883
21482.969,21345.344
21454.219,21370.07
21555.629,21184.43
21436.629,20937.242
21090.6,20114.67
20525.219,19483.895
20089.83,19359.666
20107.95,19512.816
19781.6,19592.854
19412.58,19539.885
17914.898,19313.03
17627.969,18009.809
17502.5,17599.994
17263.398,17621.248
17126.17,17787.11
17022.129,17874.389
16933.6,17547.572
16824.719,17156.182
16568.629,17128.078
16557.398,17065.66
17210.85,17191.469
18027.92,17708.967
18694.53,18415.646
17702.264,19108.842
16710.0,18395.66
16154.069,17110.79
15689.629,16401.826
15333.17,15542.0625
14954.049,14764.291
14248.2295,14226.036
14077.449,13673.935
13786.199,13623.171
13288.1,13317.248
13065.869,12663.264
12646.02,12181.773
11867.85,12088.104
11612.899,11596.957
11652.379,11290.943
11520.27,11334.131
11557.299,11457.378
11826.02,11414.146
12380.5,11316.492
12724.299,11907.807
12801.219,12435.369
13668.899,12512.179
14792.549,13169.25
14691.879,13950.051
14691.449,13901.798
14796.499,13753.069
14714.279,13795.416
14616.879,13941.838
14470.85,13855.145
13976.77,13663.453
13683.299,13181.258
13176.1,12908.451
13509.635,12629.84
13843.17,13178.257
14393.885,13512.467
14944.6,13951.16
14675.499,14386.6875
14560.3,14318.886
14459.549,14259.461
14306.8,14247.129
14372.649,14272.416
14629.879,14358.155
14719.199,14338.227
13690.629,14470.127
13936.579,13759.077
14860.619,13988.821
15307.1,14874.726
15398.219,15147.384
15674.35,15131.172
15604.399,15531.138
15566.4795,15521.862
15570.949,15411.228
15502.2295,15176.363
14876.569,14997.689
14437.879,14369.601
13814.6,13878.709
13006.42,13514.068
12968.299,12848.141
14368.475,12739.736
15768.649,13846.273
14989.699,15243.386
13773.029,14884.133
13786.749,13703.634
13628.35,13735.574
13334.529,13649.723
13744.799,13379.736
12884.399,13638.952
12930.876,13336.08
12977.353,13690.273
13023.83,13783.16
14510.05,13719.881
15054.6,14844.791
14752.56,15414.266
14450.52,15153.619
14148.4795,14652.348
13920.199,14342.7
13629.779,14078.279
13265.969,13649.79
12863.92,13225.781
12304.029,12952.65
12204.35,12503.135
12983.5,12478.173
13601.625,13136.702
14219.749,13687.646
13919.699,14053.827
12913.469,13868.277
13036.199,13044.779
13449.05,13020.404
13845.6,13368.511
13838.72,13887.866
13544.129,13803.189
12200.879,13396.387
11934.1,12459.356
11809.969,12071.008
12008.1,11948.674
11547.35,11846.297
11700.83,11506.166
11905.35,11654.834
12049.6,11825.91
11185.699,11826.694
11035.899,11004.27
11015.199,10718.723
10874.949,10738.515
10780.279,10899.348
10645.55,10876.254
13027.85,10840.643
13024.625,12925.583
13021.399,13230.793
13042.819,12759.516
12892.029,12542.479
12856.079,12457.621
12750.199,12487.216
12829.42,12487.056
12548.76,12776.44
12268.1,12559.314
11398.129,12246.383
11007.27,11597.039
11034.648,11324.321
10637.18,11517.318
11148.7295,11183.016
11264.499,11558.673
11614.1,11498.33
11569.049,11733.288
11603.5,11768.082
11369.049,11866.586
11229.499,11643.319
11469.199,11111.234
12204.299,11221.162
12202.2295,12032.932
13764.299,12493.334
13919.977,13641.041
14075.652,13752.653
14231.329,13478.346
14106.989,13492.124
13982.649,13538.148
13626.449,13536.643
13671.129,13380.955
13745.7295,13373.936
13789.079,13371.207
13429.439,13352.672
13069.799,13200.318
12710.16,13143.95
12350.52,13046.951
13006.049,12751.9
13440.529,13016.15
13618.879,13325.141
13571.299,13464.3
13584.879,13473.75
13317.199,13364.477
12975.85,13078.348
12532.92,12752.606
12369.799,12432.096
12084.819,12468.845
11596.77,12486.301
11134.799,11958.246
10915.1,11309.253
10756.699,10732.8545
10580.649,10617.399
10568.149,10784.215
10412.7295,10823.824
10555.67,10858.381
10669.43,10829.355
10601.35,10750.41
11184.35,10714.06
11242.549,11413.369
11951.549,11897.46
12880.579,12668.775
13046.899,13488.117
13446.6,13587.824
13838.049,13725.23
14086.829,13884.389
14103.199,14047.736
13912.129,13866.563
13862.1,13590.256
13608.7295,13499.285
13439.399,13302.219
13196.449,13303.143
12152.799,13096.314
11817.129,12077.182
11692.08,11535.374
11553.629,11202.159
11393.83,11174.342
11351.579,11242.176
11339.33,11366.523
11386.149,11759.711
11797.999,11823.057
12354.72,12002.886
12700.379,12460.861
13122.799,13040.881
14485.43,13651.88
14722.899,14780.9375
15056.379,15080.584
15509.829,15320.843
15621.949,15646.686
15590.67,15599.908
15419.749,15472.384
15178.399,15239.015
14812.549,14880.852
14529.449,14433.094
14049.719,14085.592
14433.256,13824.016
14816.793,14193.221
15200.329,14680.568
14706.6,14941.426
14611.4795,14401.514
14392.329,14150.16
14236.43,14178.152
14229.319,14055.937
14250.799,14242.037
14396.67,14275.091
14200.499,14200.086
14070.624,14061.507
13940.75,14105.773
14766.2295,14317.348
15302.93,15034.545
15270.22,15489.688
15649.1,15490.081
15871.549,15755.121
15862.43,15719.421
15950.27,15501.833
15517.829,15584.319
15175.779,15223.512
14388.1,14964.349
13520.579,14399.341
12720.399,13905.965
13662.249,13173.563
16069.549,13628.295
15665.949,15257.465
15084.72,15287.457
14623.549,14803.172
13164.399,14540.766
12712.129,13480.683
12834.969,12744.158
13891.879,12551.172
13111.379,13487.429
13109.236,13019.191
13107.093,13179.793
13104.949,13382.126
13814.0,13307.541
13589.079,13800.085
13685.67,13770.108
13890.029,13904.811
13852.149,13770.395
14576.199,13480.021
14362.879,14104.884
14205.629,13951.53
14004.2295,13896.56
14432.85,13860.797
13462.18,14524.108
13599.18,14207.994
13679.06,13936.974
13758.939,13456.173
13838.819,13420.273
13918.699,13425.1875
13498.379,13460.543
13714.149,13417.68
14881.249,13605.819
14343.35,14593.532
14250.6,14108.486
12738.549,13963.262
12551.799,12651.99
13168.129,12277.478
13950.67,12753.388
14485.949,13725.587
14642.2295,14606.461
14599.369,14836.813
14585.169,14842.365
14448.67,14792.926
14191.129,14400.467
13853.1,13910.257
13103.75,13543.54
13384.957,13111.746
13666.164,13291.625
13947.372,13961.322
14228.579,14301.922
14104.85,14341.381
14186.419,14105.477
14073.649,13956.385
13903.879,13764.251
13442.419,13659.578
13198.199,13464.277
13849.049,12986.868
14358.02,13241.186
13280.899,13721.436
13040.749,13052.047
13145.35,12798.602
13403.0,12837.617
14032.329,13102.136
14405.869,13579.517
14505.879,13876.944
14417.619,13856.419
14256.049,13917.098
13882.369,13732.428
12860.17,13280.892
12364.93,12323.232
12823.939,11983.633
13282.949,12453.709
13741.959,13191.91
14200.969,13772.357
14024.77,14044.143
13752.42,13863.793
13727.449,13352.358
12971.629,13203.638
13334.33,12767.436
12961.449,13229.25
12912.449,12982.01
13220.649,12690.961
13038.199,12692.319
12855.75,12678.674
12673.299,12882.354
12490.85,12753.967
12856.899,12635.175
13575.1,13034.121
14215.649,13627.971
14155.899,14136.975
13961.279,14133.103
13882.2295,13744.59
13815.949,13359.275
13581.7295,13227.352
13136.67,13116.965
12215.699,12702.733
11970.149,11930.842
11640.58,11638.158
11194.2295,11140.463
10960.93,10684.119
10803.999,10421.549
10676.879,10442.007
10633.029,10686.827
10604.299,10727.244
10733.42,10734.898
10968.899,10728.178
11144.399,10852.692
11165.079,11306.523
11962.499,11594.986
12665.35,12618.093
13010.329,13288.176
13463.329,13633.656
13889.1,13900.267
13941.579,14043.668
13982.629,13993.324
13781.119,13796.129
13674.949,13518.016
13362.199,13196.18
12813.799,12894.008
12919.35,12488.527
12159.52,12634.916
11567.25,12008.181
11365.899,11216.975
11374.6,10882.272
11294.8,10938.43
11185.0,11030.494
11018.25,11259.525
11214.399,11471.988
11557.649,11739.34
12158.029,11804.643
12747.399,12226.543
12966.579,12904.104
13227.399,13286.541
14076.02,13665.418
14459.829,14392.225
14455.799,14786.421
14304.419,14796.631
14302.35,14509.032
14196.0,14338.488
14284.47,14168.898
13851.329,13996.527
13362.879,13641.705
12943.85,13143.006
12557.029,12884.52
13159.079,12625.867
14135.93,13155.928
13929.969,13925.63
13644.6,13911.197
13450.949,13538.403
13397.549,13079.191
13179.75,13195.02
13013.1,13138.945
13104.949,13097.957
13518.2295,12993.502
13381.713,13281.515
13245.195,13395.074
13108.68,13568.694
14058.7295,13454.249
14561.6,14177.898
15056.7295,14626.467
15291.419,15029.623
15368.199,15263.817
15201.579,15312.432
14922.6,15068.986
14420.85,14694.795
13839.799,14156.541
13519.199,13634.002
13751.289,13407.885
13983.379,13739.059
14467.8125,14010.752
14952.246,14171.513
15436.68,14385.195
15224.5,14742.066
15065.749,14690.521
14682.149,14667.986
14727.6,14469.369
13992.43,14441.693
14292.949,13791.463
14318.833,13741.084
14344.716,14046.123
14370.6,14370.313
14446.4795,14696.148
14876.249,14874.684
15465.829,15041.664
15403.569,15396.776
15545.699,15244.484
15594.379,15262.861
15446.579,15194.225
14790.449,14921.094
14265.819,14304.599
13923.68,13944.021
13561.4795,13801.225
14830.799,13648.512
15027.189,14770.366
15223.579,14950.248
15419.97,15089.648
14821.919,15023.049
14569.919,14534.729
14317.35,14230.897
14298.879,13916.408
14400.869,13971.551
13965.949,14147.973
13961.266,13659.656
13956.583,13722.577
13951.899,13834.49
14008.529,14049.41
14252.4795,14214.501
14556.879,14413.465
14804.319,14676.27
14760.579,14798.63
14675.549,14692.868
14409.029,14456.439
13965.85,14017.137
13518.02,13654.08
13126.25,13302.674
12629.5,13142.278
12930.399,12981.094
13862.799,13164.896
14795.199,13817.129
14249.6,14456.77
14052.049,14018.057
13839.749,13671.161
13621.2295,13433.851
13821.92,13211.283
13166.629,13284.473
13441.67,12901.59
13105.58,13072.486
12769.489,12836.988
12433.399,12649.226
13054.049,12527.609
13577.35,13077.008
13849.969,13759.776
14053.029,13922.48
13906.92,14017.423
13808.329,13914.698
13407.9795,13657.177
13139.5,13049.839
12751.579,12726.297
12421.129,12442.163
12036.1,12297.756
12348.629,12256.539
12746.504,12547.475
13144.379,12852.915
13288.829,12960.635
13299.649,13002.713
13114.92,12898.26
12770.149,12684.885
12630.649,12452.336
12783.119,12371.859
12974.149,12615.994
12710.611,12738.748
12447.074,12593.332
12183.537,12643.992
11919.999,12655.82
13028.529,12519.396
13037.969,13287.334
13351.17,13384.272
13461.149,13616.883
13507.18,13718.875
13670.199,13559.25
13392.899,13404.701
12061.129,12847.306
11733.33,11669.617
11270.399,11276.155
11757.35,11097.652
12093.33,11590.514
11412.879,11813.969
10634.75,11263.854
10045.43,10411.988
10318.955,9777.371
10592.4795,10119.318
10441.469,10525.385
10504.379,10505.252
10291.549,10753.535
10965.398,10613.541
11420.6,11160.636
11630.029,11782.604
12532.649,12310.623
12791.17,13426.154
12999.17,13670.24
13182.25,13718.845
13356.949,13572.444
13176.605,13517.824
12996.263,13151.68
12815.92,12681.143
12640.77,12398.177
12198.549,12118.087
11795.719,11851.934
11502.58,11771.049
11059.879,11505.109
10794.0,10867.258
10975.619,10483.0205
10788.83,10664.564
10775.899,10888.592
10803.449,10959.246
10908.949,11126.2295
11320.83,11437.443
11751.85,11716.766
12001.77,12082.584
12109.4795,12324.809
12485.949,12626.367
12980.449,13219.405
13342.629,13520.829
13471.2295,13659.264
13469.629,13708.439
13701.899,13723.405
13680.05,13791.703
13380.699,13619.104
13036.449,13250.152
12414.979,12802.209
12703.159,12235.412
12991.34,12539.254
13279.52,13000.793
13567.699,13438.052
13288.02,13642.543
13399.199,13317.043
13235.299,13187.814
13133.699,12969.547
12803.879,12933.738
12959.92,12849.15
13261.649,12932.697
12497.329,13240.583
12134.3,12600.13
12225.969,12020.379
12696.129,12096.162
13085.949,12766.123
13419.279,13373.896
13498.83,13592.289
13077.619,13789.557
13118.85,13373.67
12858.529,13158.139
12609.85,12753.398
12355.85,12424.566
12028.77,12281.172
12207.689,12054.775
12386.609,12343.074
12565.529,12689.16
12730.336,12903.307
12895.143,12998.252
13059.949,12919.764
12886.129,12781.497
12717.1,12582.002
12532.629,12470.13
12408.699,12550.681
12658.719,12419.297
12751.92,12408.915
12679.022,12609.1875
12606.126,12616.508
12533.2295,12666.921
12472.75,12591.93
12716.35,12548.573
13025.02,12698.143
13113.069,12994.482
13120.629,13202.784
12977.799,13127.424
12870.149,12897.727
13116.829,12589.679
12644.829,12760.357
12218.47,12615.051
12457.271,12370.676
12696.074,12743.297
12934.877,12980.772
13173.68,13083.923
13034.02,13091.579
12975.649,12923.835
12742.569,12846.627
12716.93,12662.24
12615.949,12731.592
12330.949,12663.987
12554.049,12345.393
12281.569,12459.016
12308.649,12246.133
12127.18,12371.961
12180.879,12283.984
12470.92,12392.704
12723.699,12552.926
12710.469,12764.58
12635.449,12810.709
12654.18,12604.824
12311.379,12522.247
12060.129,12105.537
12236.3,11671.74
12364.494,12030.869
12492.689,12430.108
12620.885,12754.14
12749.08,12793.629
12849.263,12810.1875
12949.446,12788.334
13049.629,12645.904
12853.1,12737.34
11883.319,12601.971
12008.549,11844.601
12851.27,11851.491
12583.319,12550.648
11956.77,12436.365
11804.719,11979.473
11696.629,11825.356
12276.42,11911.148
12535.319,12508.798
12803.4795,12677.492
13823.319,12907.98
13768.549,13660.274
13445.4795,13751.062
13891.35,13378.178
13662.299,13401.686
13112.75,13222.771
12048.77,12792.025
12065.809,11879.167
12082.85,11939.182
13811.4795,11885.841
13543.77,13151.6045
13560.5,13368.662
13495.569,13263.602
13495.799,13089.234
12803.899,13080.658
12766.749,12780.583
12973.35,12623.517
13289.949,12827.717
12971.933,13100.303
12653.916,13024.863
12335.899,12919.806
12900.949,12678.084
13700.2295,13094.433
14335.649,13940.438
14151.129,14541.885
14366.829,14318.585
14370.219,14228.295
14271.52,14042.021
13825.579,13795.676
12840.899,13206.402
13070.93,12251.709
12934.649,12537.463
12287.58,12602.88
11647.299,12197.331
11351.249,11300.762
11109.579,11008.145
10858.549,10843.99
10795.199,10496.137
10728.899,10478.278
10671.949,10640.625
10861.33,10858.306
11073.969,10977.773
11211.0,11046.859
11280.72,11334.363
12099.549,11551.445
12858.43,12535.552
13251.149,13375.825
14139.649,13747.014
14339.749,14349.169
14123.649,14497.18
13907.549,14166.87
13691.449,13777.162
13475.35,13313.412
13259.25,12926.592
12695.27,12692.412
12492.299,12177.709
12293.299,11899.29
11608.42,11809.962
10880.479,11175.114
10887.22,10573.271
10903.17,10554.789
10850.02,10790.902
10992.6,10952.375
11060.129,11264.339
11290.379,11505.403
11632.8,11493.847
11926.949,11625.023
12077.92,12052.871
12446.949,12386.65
12857.799,12750.488
12816.2295,13124.311
12876.5,13125.395
12896.52,12986.395
13182.83,12847.939
13276.1,12974.543
13157.049,13123.969
12735.42,12970.713
12315.029,12504.145
11936.719,12074.797
12617.689,11838.615
13298.659,12367.939
13979.629,13137.121
13795.319,13816.569
13328.299,13776.33
13633.569,13236.255
13564.324,13245.135
13495.079,13206.064
13404.92,13359.443
13448.02,13391.769
13639.579,13369.645
12164.85,13417.543
13110.7295,12051.225
12914.799,12707.598
12733.249,12837.125
12792.219,12745.919
12919.649,12797.143
12865.35,12845.643
13093.35,12871.346
13216.5,12823.416
12978.129,13012.747
12686.4795,12838.721
12262.779,12465.818
12753.16,12216.659
13243.539,12640.324
13733.919,13267.039
14224.299,13644.842
14240.725,13892.289
14257.149,13975.173
14144.199,13986.437
14153.899,13732.741
13492.05,13760.646
13397.529,13446.717
13821.1,13210.189
14244.669,13294.143
12836.469,13453.935
12601.7295,12680.867
13426.799,12180.533
12955.879,13102.238
13209.369,12888.764
13379.42,13100.053
13415.17,13233.418
13258.77,13421.285
13159.899,13229.955
12891.9795,12859.74
12554.399,12540.699
12021.569,12274.525
11681.83,12020.311
12039.762,11866.168
12397.693,12143.195
12755.625,12448.394
13113.557,12724.006
13471.488,13048.158
13829.419,13265.401
13675.17,13632.929
13820.699,13490.826
13139.699,13810.663
13054.6,13332.581
12369.199,12824.402
12116.0,11837.607
12120.399,11762.294
12505.129,11877.85
12646.4795,12184.953
13057.649,12579.717
13266.449,13090.469
13451.749,13360.204
13418.85,13418.848
13201.529,13387.014
12895.25,13139.105
12446.529,12605.688
12206.25,12097.931
11976.879,11936.065
12312.773,12021.051
12648.668,12395.587
12984.562,12867.414
13320.455,13041.188
13656.35,13270.586
13531.649,13359.909
13713.5,13260.285
13746.549,13267.383
13838.049,13312.5
13320.699,13570.67
13605.17,12955.252
12900.0,13019.049
12498.629,12845.252
11978.27,12574.844
11798.22,12112.044
11895.279,11830.547
12073.749,11887.136
12034.329,12002.012
11915.379,12062.456
11233.35,12010.789
10901.449,11350.696
10941.279,10737.699
10814.629,10636.654
10835.879,10743.274
10857.129,10984.807
10878.379,11021.34
12912.199,11071.367
12894.343,12654.012
12876.486,12902.278
12858.629,12790.449
12439.049,12698.228
12497.25,12369.885
12604.779,12335.201
12557.85,12402.088
12733.0,12452.258
11009.75,12323.1045
10676.479,11177.217
10746.649,10757.271
10806.719,10821.8545
10424.27,11088.626
10197.9795,10911.021
9971.35,10716.825
10251.18,10479.057
10549.049,10436.729
10372.829,10522.057
10193.42,10284.768
10298.92,10046.619
10280.449,10075.523
10034.739,10274.678
11378.52,10109.531
11358.846,11230.927
11339.171,11276.088
11319.498,11286.502
11299.824,11113.775
11280.149,11108.105
11300.1,11207.766
11253.029,11171.875
10725.85,11328.754
10363.6,10702.402
10430.399,10062.049
10391.469,10375.321
10420.9795,10577.026
10515.129,10708.98
10639.58,10963.723
10818.0,11105.031
10937.125,11218.141
11056.25,11282.91
11175.375,11206.921
11294.5,11205.182
11170.34,11141.126
11046.18,11016.129
10922.02,10833.6875
10838.279,10766.799
10801.83,10953.045
10581.25,10838.1455
10421.35,10327.795
10472.949,10147.476
10521.85,10188.611
10449.35,10376.682
10375.469,10410.604
10545.85,10411.533
10704.5,10560.471
10617.383,10598.257
10530.268,10431.166
10443.151,10631.439
10356.035,10586.566
10268.92,10545.416
10463.4795,10457.826
10631.42,10688.608
10664.949,10929.109
10670.77,11036.705
10499.949,10938.969
10338.42,10594.506
10242.379,10220.051
10518.92,10114.133
10866.169,10602.44
10296.92,11116.27
11127.619,10831.805
11685.725,11413.336
12243.829,11844.701
12280.799,12397.619
12244.049,12445.767
12192.25,12318.225
12152.549,12328.958
12322.3,12259.504
11891.85,12280.072
11461.399,11771.996
11700.069,11211.305
10663.699,11542.512
10464.0,10775.08
10565.5,10411.457
10761.549,10566.73
10861.379,10990.082
10672.52,11283.851
10681.449,10998.693
10542.0,11004.33
10238.35,10799.679
10314.749,10478.309
10189.379,10638.9375
10157.75,10519.935
10126.979,10558.652
10526.9,10649.0205
10691.014,10971.274
10855.128,11060.561
11019.242,11060.893
11183.356,11170.211
11347.471,11271.994
11511.585,11461.086
11675.699,11610.955
11463.2295,11688.178
11837.27,11456.68
11095.9795,11641.684
10668.92,11102.389
10783.199,10783.707
11024.049,10942.031
11328.35,11304.535
11459.149,11678.459
11528.699,11754.277
11551.2295,11749.127
11463.35,11647.615
11329.6,11513.83
10940.08,11364.853
10526.9,11046.76
10650.649,10699.674
10774.399,10890.207
10898.149,11200.921
12127.149,11404.116
12164.299,12247.678
11987.27,12438.1875
12251.399,12215.09
12155.7295,12270.385
11948.7295,12244.727
11835.77,12117.25
11852.17,11715.141
12291.649,11761.402
11404.1,11957.141
11137.219,11255.838
10945.68,11049.06
11203.52,10861.144
11408.129,11321.778
11708.4795,11491.509
11649.449,11823.818
11716.469,11789.458
11649.42,11577.051
11443.549,11550.498
11154.148,11278.316
10916.55,11166.465
10647.579,11068.888
10837.7295,10932.241
11027.879,11377.65
11706.055,11608.369
